cell_type,mean_mae,mean_r,n_features,genes_used
"effector memory CD4-positive, alpha-beta T cell",9.62164360393706,0.3576729400312166,1,"['ENSG00000087074', 'ENSG00000151883', 'ENSG00000143924', 'ENSG00000232112', 'ENSG00000241343', 'ENSG00000160888', 'ENSG00000009307', 'ENSG00000124614', 'ENSG00000120616', 'ENSG00000109332', 'ENSG00000124942', 'ENSG00000196924', 'ENSG00000100345', 'ENSG00000198899', 'ENSG00000171858', 'ENSG00000233927', 'ENSG00000198840', 'ENSG00000231925', 'ENSG00000198918', 'ENSG00000099860', 'ENSG00000177954', 'ENSG00000198695', 'ENSG00000220205', 'ENSG00000146278', 'ENSG00000117523', 'ENSG00000136490', 'ENSG00000115524', 'ENSG00000197111', 'ENSG00000228253', 'ENSG00000170345', 'ENSG00000152795', 'ENSG00000109475', 'ENSG00000089009', 'ENSG00000145592', 'ENSG00000197061', 'ENSG00000127184', 'ENSG00000144713', 'ENSG00000245910', 'ENSG00000162244', 'ENSG00000132507', 'ENSG00000142676', 'ENSG00000142937', 'ENSG00000198258', 'ENSG00000169564', 'ENSG00000186468', 'ENSG00000125347', 'ENSG00000229117', 'ENSG00000089737', 'ENSG00000162511', 'ENSG00000130255', 'ENSG00000116251', 'ENSG00000044574', 'ENSG00000134480', 'ENSG00000054654', 'ENSG00000189067', 'ENSG00000182162', 'ENSG00000213741', 'ENSG00000182899', 'ENSG00000152601', 'ENSG00000118816', 'ENSG00000063046', 'ENSG00000100650', 'ENSG00000156482', 'ENSG00000143933', 'ENSG00000163660', 'ENSG00000010810', 'ENSG00000157514', 'ENSG00000112081', 'ENSG00000026508', 'ENSG00000167526', 'ENSG00000149806', 'ENSG00000118181', 'ENSG00000122026', 'ENSG00000069667', 'ENSG00000134419', 'ENSG00000204642', 'ENSG00000108669', 'ENSG00000115935', 'ENSG00000188042', 'ENSG00000168066', 'ENSG00000136167', 'ENSG00000100906', 'ENSG00000115268', 'ENSG00000162434', 'ENSG00000168421', 'ENSG00000118503', 'ENSG00000103479', 'ENSG00000131051', 'ENSG00000153187', 'ENSG00000173915', 'ENSG00000109787', 'ENSG00000120129', 'ENSG00000108298', 'ENSG00000132475', 'ENSG00000116560', 'ENSG00000171522', 'ENSG00000166441', 'ENSG00000167283', 'ENSG00000101596', 'ENSG00000159388', 'ENSG00000177733', 'ENSG00000148700', 'ENSG00000110700', 'ENSG00000133226', 'ENSG00000153234', 'ENSG00000092820', 'ENSG00000147604', 'ENSG00000109971', 'ENSG00000092010', 'ENSG00000087460', 'ENSG00000187239', 'ENSG00000170776', 'ENSG00000105323', 'ENSG00000184076', 'ENSG00000197756', 'ENSG00000078304', 'ENSG00000008517', 'ENSG00000010404']"
